{"name":"comkart","classpathEntries":[{"kind":"binary","path":"C:\\Program Files\\OpenJDK11\\lib\\jrt-fs.jar","sourceContainerUrl":"file:/C:/Program%20Files/OpenJDK11/lib/src.zip","javadocContainerUrl":"https://docs.oracle.com/javase/11/docs/api/","isSystem":true,"isOwn":false,"isTest":false,"isJavaContent":false},{"kind":"binary","path":"C:\\Users\\muasif\\.m2\\repository\\org\\springframework\\boot\\spring-boot-starter-web\\2.3.1.RELEASE\\spring-boot-starter-web-2.3.1.RELEASE.jar","sourceContainerUrl":"file:/C:/Users/muasif/.m2/repository/org/springframework/boot/spring-boot-starter-web/2.3.1.RELEASE/spring-boot-starter-web-2.3.1.RELEASE-sources.jar","javadocContainerUrl":"file:/C:/Users/muasif/.m2/repository/org/springframework/boot/spring-boot-starter-web/2.3.1.RELEASE/spring-boot-starter-web-2.3.1.RELEASE-javadoc.jar","isSystem":false,"isOwn":false,"isTest":false,"isJavaContent":false},{"kind":"binary","path":"C:\\Users\\muasif\\.m2\\repository\\org\\springframework\\boot\\spring-boot-starter\\2.3.1.RELEASE\\spring-boot-starter-2.3.1.RELEASE.jar","sourceContainerUrl":"file:/C:/Users/muasif/.m2/repository/org/springframework/boot/spring-boot-starter/2.3.1.RELEASE/spring-boot-starter-2.3.1.RELEASE-sources.jar","javadocContainerUrl":"file:/C:/Users/muasif/.m2/repository/org/springframework/boot/spring-boot-starter/2.3.1.RELEASE/spring-boot-starter-2.3.1.RELEASE-javadoc.jar","isSystem":false,"isOwn":false,"isTest":false,"isJavaContent":false},{"kind":"binary","path":"C:\\Users\\muasif\\.m2\\repository\\org\\springframework\\boot\\spring-boot\\2.3.1.RELEASE\\spring-boot-2.3.1.RELEASE.jar","sourceContainerUrl":"file:/C:/Users/muasif/.m2/repository/org/springframework/boot/spring-boot/2.3.1.RELEASE/spring-boot-2.3.1.RELEASE-sources.jar","javadocContainerUrl":"file:/C:/Users/muasif/.m2/repository/org/springframework/boot/spring-boot/2.3.1.RELEASE/spring-boot-2.3.1.RELEASE-javadoc.jar","isSystem":false,"isOwn":false,"isTest":false,"isJavaContent":false},{"kind":"binary","path":"C:\\Users\\muasif\\.m2\\repository\\org\\springframework\\boot\\spring-boot-autoconfigure\\2.3.1.RELEASE\\spring-boot-autoconfigure-2.3.1.RELEASE.jar","sourceContainerUrl":"file:/C:/Users/muasif/.m2/repository/org/springframework/boot/spring-boot-autoconfigure/2.3.1.RELEASE/spring-boot-autoconfigure-2.3.1.RELEASE-sources.jar","javadocContainerUrl":"file:/C:/Users/muasif/.m2/repository/org/springframework/boot/spring-boot-autoconfigure/2.3.1.RELEASE/spring-boot-autoconfigure-2.3.1.RELEASE-javadoc.jar","isSystem":false,"isOwn":false,"isTest":false,"isJavaContent":false},{"kind":"binary","path":"C:\\Users\\muasif\\.m2\\repository\\jakarta\\annotation\\jakarta.annotation-api\\1.3.5\\jakarta.annotation-api-1.3.5.jar","sourceContainerUrl":"file:/C:/Users/muasif/.m2/repository/jakarta/annotation/jakarta.annotation-api/1.3.5/jakarta.annotation-api-1.3.5-sources.jar","javadocContainerUrl":"file:/C:/Users/muasif/.m2/repository/jakarta/annotation/jakarta.annotation-api/1.3.5/jakarta.annotation-api-1.3.5-javadoc.jar","isSystem":false,"isOwn":false,"isTest":false,"isJavaContent":false},{"kind":"binary","path":"C:\\Users\\muasif\\.m2\\repository\\org\\yaml\\snakeyaml\\1.26\\snakeyaml-1.26.jar","sourceContainerUrl":"file:/C:/Users/muasif/.m2/repository/org/yaml/snakeyaml/1.26/snakeyaml-1.26-sources.jar","javadocContainerUrl":"file:/C:/Users/muasif/.m2/repository/org/yaml/snakeyaml/1.26/snakeyaml-1.26-javadoc.jar","isSystem":false,"isOwn":false,"isTest":false,"isJavaContent":false},{"kind":"binary","path":"C:\\Users\\muasif\\.m2\\repository\\org\\springframework\\boot\\spring-boot-starter-json\\2.3.1.RELEASE\\spring-boot-starter-json-2.3.1.RELEASE.jar","sourceContainerUrl":"file:/C:/Users/muasif/.m2/repository/org/springframework/boot/spring-boot-starter-json/2.3.1.RELEASE/spring-boot-starter-json-2.3.1.RELEASE-sources.jar","javadocContainerUrl":"file:/C:/Users/muasif/.m2/repository/org/springframework/boot/spring-boot-starter-json/2.3.1.RELEASE/spring-boot-starter-json-2.3.1.RELEASE-javadoc.jar","isSystem":false,"isOwn":false,"isTest":false,"isJavaContent":false},{"kind":"binary","path":"C:\\Users\\muasif\\.m2\\repository\\com\\fasterxml\\jackson\\core\\jackson-databind\\2.11.0\\jackson-databind-2.11.0.jar","sourceContainerUrl":"file:/C:/Users/muasif/.m2/repository/com/fasterxml/jackson/core/jackson-databind/2.11.0/jackson-databind-2.11.0-sources.jar","javadocContainerUrl":"file:/C:/Users/muasif/.m2/repository/com/fasterxml/jackson/core/jackson-databind/2.11.0/jackson-databind-2.11.0-javadoc.jar","isSystem":false,"isOwn":false,"isTest":false,"isJavaContent":false},{"kind":"binary","path":"C:\\Users\\muasif\\.m2\\repository\\com\\fasterxml\\jackson\\core\\jackson-core\\2.11.0\\jackson-core-2.11.0.jar","sourceContainerUrl":"file:/C:/Users/muasif/.m2/repository/com/fasterxml/jackson/core/jackson-core/2.11.0/jackson-core-2.11.0-sources.jar","javadocContainerUrl":"file:/C:/Users/muasif/.m2/repository/com/fasterxml/jackson/core/jackson-core/2.11.0/jackson-core-2.11.0-javadoc.jar","isSystem":false,"isOwn":false,"isTest":false,"isJavaContent":false},{"kind":"binary","path":"C:\\Users\\muasif\\.m2\\repository\\com\\fasterxml\\jackson\\datatype\\jackson-datatype-jdk8\\2.11.0\\jackson-datatype-jdk8-2.11.0.jar","sourceContainerUrl":"file:/C:/Users/muasif/.m2/repository/com/fasterxml/jackson/datatype/jackson-datatype-jdk8/2.11.0/jackson-datatype-jdk8-2.11.0-sources.jar","javadocContainerUrl":"file:/C:/Users/muasif/.m2/repository/com/fasterxml/jackson/datatype/jackson-datatype-jdk8/2.11.0/jackson-datatype-jdk8-2.11.0-javadoc.jar","isSystem":false,"isOwn":false,"isTest":false,"isJavaContent":false},{"kind":"binary","path":"C:\\Users\\muasif\\.m2\\repository\\com\\fasterxml\\jackson\\datatype\\jackson-datatype-jsr310\\2.11.0\\jackson-datatype-jsr310-2.11.0.jar","sourceContainerUrl":"file:/C:/Users/muasif/.m2/repository/com/fasterxml/jackson/datatype/jackson-datatype-jsr310/2.11.0/jackson-datatype-jsr310-2.11.0-sources.jar","javadocContainerUrl":"file:/C:/Users/muasif/.m2/repository/com/fasterxml/jackson/datatype/jackson-datatype-jsr310/2.11.0/jackson-datatype-jsr310-2.11.0-javadoc.jar","isSystem":false,"isOwn":false,"isTest":false,"isJavaContent":false},{"kind":"binary","path":"C:\\Users\\muasif\\.m2\\repository\\com\\fasterxml\\jackson\\module\\jackson-module-parameter-names\\2.11.0\\jackson-module-parameter-names-2.11.0.jar","sourceContainerUrl":"file:/C:/Users/muasif/.m2/repository/com/fasterxml/jackson/module/jackson-module-parameter-names/2.11.0/jackson-module-parameter-names-2.11.0-sources.jar","javadocContainerUrl":"file:/C:/Users/muasif/.m2/repository/com/fasterxml/jackson/module/jackson-module-parameter-names/2.11.0/jackson-module-parameter-names-2.11.0-javadoc.jar","isSystem":false,"isOwn":false,"isTest":false,"isJavaContent":false},{"kind":"binary","path":"C:\\Users\\muasif\\.m2\\repository\\org\\springframework\\boot\\spring-boot-starter-tomcat\\2.3.1.RELEASE\\spring-boot-starter-tomcat-2.3.1.RELEASE.jar","sourceContainerUrl":"file:/C:/Users/muasif/.m2/repository/org/springframework/boot/spring-boot-starter-tomcat/2.3.1.RELEASE/spring-boot-starter-tomcat-2.3.1.RELEASE-sources.jar","javadocContainerUrl":"file:/C:/Users/muasif/.m2/repository/org/springframework/boot/spring-boot-starter-tomcat/2.3.1.RELEASE/spring-boot-starter-tomcat-2.3.1.RELEASE-javadoc.jar","isSystem":false,"isOwn":false,"isTest":false,"isJavaContent":false},{"kind":"binary","path":"C:\\Users\\muasif\\.m2\\repository\\org\\apache\\tomcat\\embed\\tomcat-embed-core\\9.0.36\\tomcat-embed-core-9.0.36.jar","sourceContainerUrl":"file:/C:/Users/muasif/.m2/repository/org/apache/tomcat/embed/tomcat-embed-core/9.0.36/tomcat-embed-core-9.0.36-sources.jar","isSystem":false,"isOwn":false,"isTest":false,"isJavaContent":false},{"kind":"binary","path":"C:\\Users\\muasif\\.m2\\repository\\org\\apache\\tomcat\\embed\\tomcat-embed-websocket\\9.0.36\\tomcat-embed-websocket-9.0.36.jar","sourceContainerUrl":"file:/C:/Users/muasif/.m2/repository/org/apache/tomcat/embed/tomcat-embed-websocket/9.0.36/tomcat-embed-websocket-9.0.36-sources.jar","isSystem":false,"isOwn":false,"isTest":false,"isJavaContent":false},{"kind":"binary","path":"C:\\Users\\muasif\\.m2\\repository\\org\\springframework\\spring-web\\5.2.7.RELEASE\\spring-web-5.2.7.RELEASE.jar","sourceContainerUrl":"file:/C:/Users/muasif/.m2/repository/org/springframework/spring-web/5.2.7.RELEASE/spring-web-5.2.7.RELEASE-sources.jar","javadocContainerUrl":"file:/C:/Users/muasif/.m2/repository/org/springframework/spring-web/5.2.7.RELEASE/spring-web-5.2.7.RELEASE-javadoc.jar","isSystem":false,"isOwn":false,"isTest":false,"isJavaContent":false},{"kind":"binary","path":"C:\\Users\\muasif\\.m2\\repository\\org\\springframework\\spring-beans\\5.2.7.RELEASE\\spring-beans-5.2.7.RELEASE.jar","sourceContainerUrl":"file:/C:/Users/muasif/.m2/repository/org/springframework/spring-beans/5.2.7.RELEASE/spring-beans-5.2.7.RELEASE-sources.jar","javadocContainerUrl":"file:/C:/Users/muasif/.m2/repository/org/springframework/spring-beans/5.2.7.RELEASE/spring-beans-5.2.7.RELEASE-javadoc.jar","isSystem":false,"isOwn":false,"isTest":false,"isJavaContent":false},{"kind":"binary","path":"C:\\Users\\muasif\\.m2\\repository\\org\\springframework\\spring-webmvc\\5.2.7.RELEASE\\spring-webmvc-5.2.7.RELEASE.jar","sourceContainerUrl":"file:/C:/Users/muasif/.m2/repository/org/springframework/spring-webmvc/5.2.7.RELEASE/spring-webmvc-5.2.7.RELEASE-sources.jar","javadocContainerUrl":"file:/C:/Users/muasif/.m2/repository/org/springframework/spring-webmvc/5.2.7.RELEASE/spring-webmvc-5.2.7.RELEASE-javadoc.jar","isSystem":false,"isOwn":false,"isTest":false,"isJavaContent":false},{"kind":"binary","path":"C:\\Users\\muasif\\.m2\\repository\\org\\springframework\\spring-aop\\5.2.7.RELEASE\\spring-aop-5.2.7.RELEASE.jar","sourceContainerUrl":"file:/C:/Users/muasif/.m2/repository/org/springframework/spring-aop/5.2.7.RELEASE/spring-aop-5.2.7.RELEASE-sources.jar","javadocContainerUrl":"file:/C:/Users/muasif/.m2/repository/org/springframework/spring-aop/5.2.7.RELEASE/spring-aop-5.2.7.RELEASE-javadoc.jar","isSystem":false,"isOwn":false,"isTest":false,"isJavaContent":false},{"kind":"binary","path":"C:\\Users\\muasif\\.m2\\repository\\org\\springframework\\spring-context\\5.2.7.RELEASE\\spring-context-5.2.7.RELEASE.jar","sourceContainerUrl":"file:/C:/Users/muasif/.m2/repository/org/springframework/spring-context/5.2.7.RELEASE/spring-context-5.2.7.RELEASE-sources.jar","javadocContainerUrl":"file:/C:/Users/muasif/.m2/repository/org/springframework/spring-context/5.2.7.RELEASE/spring-context-5.2.7.RELEASE-javadoc.jar","isSystem":false,"isOwn":false,"isTest":false,"isJavaContent":false},{"kind":"binary","path":"C:\\Users\\muasif\\.m2\\repository\\org\\springframework\\spring-expression\\5.2.7.RELEASE\\spring-expression-5.2.7.RELEASE.jar","sourceContainerUrl":"file:/C:/Users/muasif/.m2/repository/org/springframework/spring-expression/5.2.7.RELEASE/spring-expression-5.2.7.RELEASE-sources.jar","javadocContainerUrl":"file:/C:/Users/muasif/.m2/repository/org/springframework/spring-expression/5.2.7.RELEASE/spring-expression-5.2.7.RELEASE-javadoc.jar","isSystem":false,"isOwn":false,"isTest":false,"isJavaContent":false},{"kind":"binary","path":"C:\\Users\\muasif\\.m2\\repository\\org\\springframework\\boot\\spring-boot-starter-test\\2.3.1.RELEASE\\spring-boot-starter-test-2.3.1.RELEASE.jar","sourceContainerUrl":"file:/C:/Users/muasif/.m2/repository/org/springframework/boot/spring-boot-starter-test/2.3.1.RELEASE/spring-boot-starter-test-2.3.1.RELEASE-sources.jar","javadocContainerUrl":"file:/C:/Users/muasif/.m2/repository/org/springframework/boot/spring-boot-starter-test/2.3.1.RELEASE/spring-boot-starter-test-2.3.1.RELEASE-javadoc.jar","isSystem":false,"isOwn":false,"isTest":false,"isJavaContent":false},{"kind":"binary","path":"C:\\Users\\muasif\\.m2\\repository\\org\\springframework\\boot\\spring-boot-test\\2.3.1.RELEASE\\spring-boot-test-2.3.1.RELEASE.jar","sourceContainerUrl":"file:/C:/Users/muasif/.m2/repository/org/springframework/boot/spring-boot-test/2.3.1.RELEASE/spring-boot-test-2.3.1.RELEASE-sources.jar","javadocContainerUrl":"file:/C:/Users/muasif/.m2/repository/org/springframework/boot/spring-boot-test/2.3.1.RELEASE/spring-boot-test-2.3.1.RELEASE-javadoc.jar","isSystem":false,"isOwn":false,"isTest":false,"isJavaContent":false},{"kind":"binary","path":"C:\\Users\\muasif\\.m2\\repository\\org\\springframework\\boot\\spring-boot-test-autoconfigure\\2.3.1.RELEASE\\spring-boot-test-autoconfigure-2.3.1.RELEASE.jar","sourceContainerUrl":"file:/C:/Users/muasif/.m2/repository/org/springframework/boot/spring-boot-test-autoconfigure/2.3.1.RELEASE/spring-boot-test-autoconfigure-2.3.1.RELEASE-sources.jar","javadocContainerUrl":"file:/C:/Users/muasif/.m2/repository/org/springframework/boot/spring-boot-test-autoconfigure/2.3.1.RELEASE/spring-boot-test-autoconfigure-2.3.1.RELEASE-javadoc.jar","isSystem":false,"isOwn":false,"isTest":false,"isJavaContent":false},{"kind":"binary","path":"C:\\Users\\muasif\\.m2\\repository\\com\\jayway\\jsonpath\\json-path\\2.4.0\\json-path-2.4.0.jar","sourceContainerUrl":"file:/C:/Users/muasif/.m2/repository/com/jayway/jsonpath/json-path/2.4.0/json-path-2.4.0-sources.jar","javadocContainerUrl":"file:/C:/Users/muasif/.m2/repository/com/jayway/jsonpath/json-path/2.4.0/json-path-2.4.0-javadoc.jar","isSystem":false,"isOwn":false,"isTest":false,"isJavaContent":false},{"kind":"binary","path":"C:\\Users\\muasif\\.m2\\repository\\net\\minidev\\json-smart\\2.3\\json-smart-2.3.jar","sourceContainerUrl":"file:/C:/Users/muasif/.m2/repository/net/minidev/json-smart/2.3/json-smart-2.3-sources.jar","javadocContainerUrl":"file:/C:/Users/muasif/.m2/repository/net/minidev/json-smart/2.3/json-smart-2.3-javadoc.jar","isSystem":false,"isOwn":false,"isTest":false,"isJavaContent":false},{"kind":"binary","path":"C:\\Users\\muasif\\.m2\\repository\\net\\minidev\\accessors-smart\\1.2\\accessors-smart-1.2.jar","sourceContainerUrl":"file:/C:/Users/muasif/.m2/repository/net/minidev/accessors-smart/1.2/accessors-smart-1.2-sources.jar","javadocContainerUrl":"file:/C:/Users/muasif/.m2/repository/net/minidev/accessors-smart/1.2/accessors-smart-1.2-javadoc.jar","isSystem":false,"isOwn":false,"isTest":false,"isJavaContent":false},{"kind":"binary","path":"C:\\Users\\muasif\\.m2\\repository\\org\\ow2\\asm\\asm\\5.0.4\\asm-5.0.4.jar","sourceContainerUrl":"file:/C:/Users/muasif/.m2/repository/org/ow2/asm/asm/5.0.4/asm-5.0.4-sources.jar","javadocContainerUrl":"file:/C:/Users/muasif/.m2/repository/org/ow2/asm/asm/5.0.4/asm-5.0.4-javadoc.jar","isSystem":false,"isOwn":false,"isTest":false,"isJavaContent":false},{"kind":"binary","path":"C:\\Users\\muasif\\.m2\\repository\\jakarta\\xml\\bind\\jakarta.xml.bind-api\\2.3.3\\jakarta.xml.bind-api-2.3.3.jar","sourceContainerUrl":"file:/C:/Users/muasif/.m2/repository/jakarta/xml/bind/jakarta.xml.bind-api/2.3.3/jakarta.xml.bind-api-2.3.3-sources.jar","javadocContainerUrl":"file:/C:/Users/muasif/.m2/repository/jakarta/xml/bind/jakarta.xml.bind-api/2.3.3/jakarta.xml.bind-api-2.3.3-javadoc.jar","isSystem":false,"isOwn":false,"isTest":false,"isJavaContent":false},{"kind":"binary","path":"C:\\Users\\muasif\\.m2\\repository\\jakarta\\activation\\jakarta.activation-api\\1.2.2\\jakarta.activation-api-1.2.2.jar","sourceContainerUrl":"file:/C:/Users/muasif/.m2/repository/jakarta/activation/jakarta.activation-api/1.2.2/jakarta.activation-api-1.2.2-sources.jar","javadocContainerUrl":"file:/C:/Users/muasif/.m2/repository/jakarta/activation/jakarta.activation-api/1.2.2/jakarta.activation-api-1.2.2-javadoc.jar","isSystem":false,"isOwn":false,"isTest":false,"isJavaContent":false},{"kind":"binary","path":"C:\\Users\\muasif\\.m2\\repository\\org\\assertj\\assertj-core\\3.16.1\\assertj-core-3.16.1.jar","sourceContainerUrl":"file:/C:/Users/muasif/.m2/repository/org/assertj/assertj-core/3.16.1/assertj-core-3.16.1-sources.jar","javadocContainerUrl":"file:/C:/Users/muasif/.m2/repository/org/assertj/assertj-core/3.16.1/assertj-core-3.16.1-javadoc.jar","isSystem":false,"isOwn":false,"isTest":false,"isJavaContent":false},{"kind":"binary","path":"C:\\Users\\muasif\\.m2\\repository\\org\\hamcrest\\hamcrest\\2.2\\hamcrest-2.2.jar","sourceContainerUrl":"file:/C:/Users/muasif/.m2/repository/org/hamcrest/hamcrest/2.2/hamcrest-2.2-sources.jar","javadocContainerUrl":"file:/C:/Users/muasif/.m2/repository/org/hamcrest/hamcrest/2.2/hamcrest-2.2-javadoc.jar","isSystem":false,"isOwn":false,"isTest":false,"isJavaContent":false},{"kind":"binary","path":"C:\\Users\\muasif\\.m2\\repository\\org\\junit\\jupiter\\junit-jupiter\\5.6.2\\junit-jupiter-5.6.2.jar","sourceContainerUrl":"file:/C:/Users/muasif/.m2/repository/org/junit/jupiter/junit-jupiter/5.6.2/junit-jupiter-5.6.2-sources.jar","javadocContainerUrl":"file:/C:/Users/muasif/.m2/repository/org/junit/jupiter/junit-jupiter/5.6.2/junit-jupiter-5.6.2-javadoc.jar","isSystem":false,"isOwn":false,"isTest":false,"isJavaContent":false},{"kind":"binary","path":"C:\\Users\\muasif\\.m2\\repository\\org\\junit\\jupiter\\junit-jupiter-api\\5.6.2\\junit-jupiter-api-5.6.2.jar","sourceContainerUrl":"file:/C:/Users/muasif/.m2/repository/org/junit/jupiter/junit-jupiter-api/5.6.2/junit-jupiter-api-5.6.2-sources.jar","javadocContainerUrl":"file:/C:/Users/muasif/.m2/repository/org/junit/jupiter/junit-jupiter-api/5.6.2/junit-jupiter-api-5.6.2-javadoc.jar","isSystem":false,"isOwn":false,"isTest":false,"isJavaContent":false},{"kind":"binary","path":"C:\\Users\\muasif\\.m2\\repository\\org\\opentest4j\\opentest4j\\1.2.0\\opentest4j-1.2.0.jar","sourceContainerUrl":"file:/C:/Users/muasif/.m2/repository/org/opentest4j/opentest4j/1.2.0/opentest4j-1.2.0-sources.jar","javadocContainerUrl":"file:/C:/Users/muasif/.m2/repository/org/opentest4j/opentest4j/1.2.0/opentest4j-1.2.0-javadoc.jar","isSystem":false,"isOwn":false,"isTest":false,"isJavaContent":false},{"kind":"binary","path":"C:\\Users\\muasif\\.m2\\repository\\org\\junit\\platform\\junit-platform-commons\\1.6.2\\junit-platform-commons-1.6.2.jar","sourceContainerUrl":"file:/C:/Users/muasif/.m2/repository/org/junit/platform/junit-platform-commons/1.6.2/junit-platform-commons-1.6.2-sources.jar","javadocContainerUrl":"file:/C:/Users/muasif/.m2/repository/org/junit/platform/junit-platform-commons/1.6.2/junit-platform-commons-1.6.2-javadoc.jar","isSystem":false,"isOwn":false,"isTest":false,"isJavaContent":false},{"kind":"binary","path":"C:\\Users\\muasif\\.m2\\repository\\org\\junit\\jupiter\\junit-jupiter-params\\5.6.2\\junit-jupiter-params-5.6.2.jar","sourceContainerUrl":"file:/C:/Users/muasif/.m2/repository/org/junit/jupiter/junit-jupiter-params/5.6.2/junit-jupiter-params-5.6.2-sources.jar","javadocContainerUrl":"file:/C:/Users/muasif/.m2/repository/org/junit/jupiter/junit-jupiter-params/5.6.2/junit-jupiter-params-5.6.2-javadoc.jar","isSystem":false,"isOwn":false,"isTest":false,"isJavaContent":false},{"kind":"binary","path":"C:\\Users\\muasif\\.m2\\repository\\org\\junit\\jupiter\\junit-jupiter-engine\\5.6.2\\junit-jupiter-engine-5.6.2.jar","sourceContainerUrl":"file:/C:/Users/muasif/.m2/repository/org/junit/jupiter/junit-jupiter-engine/5.6.2/junit-jupiter-engine-5.6.2-sources.jar","javadocContainerUrl":"file:/C:/Users/muasif/.m2/repository/org/junit/jupiter/junit-jupiter-engine/5.6.2/junit-jupiter-engine-5.6.2-javadoc.jar","isSystem":false,"isOwn":false,"isTest":false,"isJavaContent":false},{"kind":"binary","path":"C:\\Users\\muasif\\.m2\\repository\\org\\junit\\vintage\\junit-vintage-engine\\5.6.2\\junit-vintage-engine-5.6.2.jar","sourceContainerUrl":"file:/C:/Users/muasif/.m2/repository/org/junit/vintage/junit-vintage-engine/5.6.2/junit-vintage-engine-5.6.2-sources.jar","javadocContainerUrl":"file:/C:/Users/muasif/.m2/repository/org/junit/vintage/junit-vintage-engine/5.6.2/junit-vintage-engine-5.6.2-javadoc.jar","isSystem":false,"isOwn":false,"isTest":false,"isJavaContent":false},{"kind":"binary","path":"C:\\Users\\muasif\\.m2\\repository\\org\\apiguardian\\apiguardian-api\\1.1.0\\apiguardian-api-1.1.0.jar","sourceContainerUrl":"file:/C:/Users/muasif/.m2/repository/org/apiguardian/apiguardian-api/1.1.0/apiguardian-api-1.1.0-sources.jar","javadocContainerUrl":"file:/C:/Users/muasif/.m2/repository/org/apiguardian/apiguardian-api/1.1.0/apiguardian-api-1.1.0-javadoc.jar","isSystem":false,"isOwn":false,"isTest":false,"isJavaContent":false},{"kind":"binary","path":"C:\\Users\\muasif\\.m2\\repository\\org\\junit\\platform\\junit-platform-engine\\1.6.2\\junit-platform-engine-1.6.2.jar","sourceContainerUrl":"file:/C:/Users/muasif/.m2/repository/org/junit/platform/junit-platform-engine/1.6.2/junit-platform-engine-1.6.2-sources.jar","javadocContainerUrl":"file:/C:/Users/muasif/.m2/repository/org/junit/platform/junit-platform-engine/1.6.2/junit-platform-engine-1.6.2-javadoc.jar","isSystem":false,"isOwn":false,"isTest":false,"isJavaContent":false},{"kind":"binary","path":"C:\\Users\\muasif\\.m2\\repository\\junit\\junit\\4.13\\junit-4.13.jar","sourceContainerUrl":"file:/C:/Users/muasif/.m2/repository/junit/junit/4.13/junit-4.13-sources.jar","javadocContainerUrl":"file:/C:/Users/muasif/.m2/repository/junit/junit/4.13/junit-4.13-javadoc.jar","isSystem":false,"isOwn":false,"isTest":false,"isJavaContent":false},{"kind":"binary","path":"C:\\Users\\muasif\\.m2\\repository\\org\\mockito\\mockito-core\\3.3.3\\mockito-core-3.3.3.jar","sourceContainerUrl":"file:/C:/Users/muasif/.m2/repository/org/mockito/mockito-core/3.3.3/mockito-core-3.3.3-sources.jar","javadocContainerUrl":"file:/C:/Users/muasif/.m2/repository/org/mockito/mockito-core/3.3.3/mockito-core-3.3.3-javadoc.jar","isSystem":false,"isOwn":false,"isTest":false,"isJavaContent":false},{"kind":"binary","path":"C:\\Users\\muasif\\.m2\\repository\\net\\bytebuddy\\byte-buddy-agent\\1.10.11\\byte-buddy-agent-1.10.11.jar","sourceContainerUrl":"file:/C:/Users/muasif/.m2/repository/net/bytebuddy/byte-buddy-agent/1.10.11/byte-buddy-agent-1.10.11-sources.jar","javadocContainerUrl":"file:/C:/Users/muasif/.m2/repository/net/bytebuddy/byte-buddy-agent/1.10.11/byte-buddy-agent-1.10.11-javadoc.jar","isSystem":false,"isOwn":false,"isTest":false,"isJavaContent":false},{"kind":"binary","path":"C:\\Users\\muasif\\.m2\\repository\\org\\objenesis\\objenesis\\2.6\\objenesis-2.6.jar","sourceContainerUrl":"file:/C:/Users/muasif/.m2/repository/org/objenesis/objenesis/2.6/objenesis-2.6-sources.jar","javadocContainerUrl":"file:/C:/Users/muasif/.m2/repository/org/objenesis/objenesis/2.6/objenesis-2.6-javadoc.jar","isSystem":false,"isOwn":false,"isTest":false,"isJavaContent":false},{"kind":"binary","path":"C:\\Users\\muasif\\.m2\\repository\\org\\mockito\\mockito-junit-jupiter\\3.3.3\\mockito-junit-jupiter-3.3.3.jar","sourceContainerUrl":"file:/C:/Users/muasif/.m2/repository/org/mockito/mockito-junit-jupiter/3.3.3/mockito-junit-jupiter-3.3.3-sources.jar","javadocContainerUrl":"file:/C:/Users/muasif/.m2/repository/org/mockito/mockito-junit-jupiter/3.3.3/mockito-junit-jupiter-3.3.3-javadoc.jar","isSystem":false,"isOwn":false,"isTest":false,"isJavaContent":false},{"kind":"binary","path":"C:\\Users\\muasif\\.m2\\repository\\org\\skyscreamer\\jsonassert\\1.5.0\\jsonassert-1.5.0.jar","sourceContainerUrl":"file:/C:/Users/muasif/.m2/repository/org/skyscreamer/jsonassert/1.5.0/jsonassert-1.5.0-sources.jar","javadocContainerUrl":"file:/C:/Users/muasif/.m2/repository/org/skyscreamer/jsonassert/1.5.0/jsonassert-1.5.0-javadoc.jar","isSystem":false,"isOwn":false,"isTest":false,"isJavaContent":false},{"kind":"binary","path":"C:\\Users\\muasif\\.m2\\repository\\com\\vaadin\\external\\google\\android-json\\0.0.20131108.vaadin1\\android-json-0.0.20131108.vaadin1.jar","sourceContainerUrl":"file:/C:/Users/muasif/.m2/repository/com/vaadin/external/google/android-json/0.0.20131108.vaadin1/android-json-0.0.20131108.vaadin1-sources.jar","javadocContainerUrl":"file:/C:/Users/muasif/.m2/repository/com/vaadin/external/google/android-json/0.0.20131108.vaadin1/android-json-0.0.20131108.vaadin1-javadoc.jar","isSystem":false,"isOwn":false,"isTest":false,"isJavaContent":false},{"kind":"binary","path":"C:\\Users\\muasif\\.m2\\repository\\org\\springframework\\spring-core\\5.2.7.RELEASE\\spring-core-5.2.7.RELEASE.jar","sourceContainerUrl":"file:/C:/Users/muasif/.m2/repository/org/springframework/spring-core/5.2.7.RELEASE/spring-core-5.2.7.RELEASE-sources.jar","javadocContainerUrl":"file:/C:/Users/muasif/.m2/repository/org/springframework/spring-core/5.2.7.RELEASE/spring-core-5.2.7.RELEASE-javadoc.jar","isSystem":false,"isOwn":false,"isTest":false,"isJavaContent":false},{"kind":"binary","path":"C:\\Users\\muasif\\.m2\\repository\\org\\springframework\\spring-jcl\\5.2.7.RELEASE\\spring-jcl-5.2.7.RELEASE.jar","sourceContainerUrl":"file:/C:/Users/muasif/.m2/repository/org/springframework/spring-jcl/5.2.7.RELEASE/spring-jcl-5.2.7.RELEASE-sources.jar","javadocContainerUrl":"file:/C:/Users/muasif/.m2/repository/org/springframework/spring-jcl/5.2.7.RELEASE/spring-jcl-5.2.7.RELEASE-javadoc.jar","isSystem":false,"isOwn":false,"isTest":false,"isJavaContent":false},{"kind":"binary","path":"C:\\Users\\muasif\\.m2\\repository\\org\\springframework\\spring-test\\5.2.7.RELEASE\\spring-test-5.2.7.RELEASE.jar","sourceContainerUrl":"file:/C:/Users/muasif/.m2/repository/org/springframework/spring-test/5.2.7.RELEASE/spring-test-5.2.7.RELEASE-sources.jar","javadocContainerUrl":"file:/C:/Users/muasif/.m2/repository/org/springframework/spring-test/5.2.7.RELEASE/spring-test-5.2.7.RELEASE-javadoc.jar","isSystem":false,"isOwn":false,"isTest":false,"isJavaContent":false},{"kind":"binary","path":"C:\\Users\\muasif\\.m2\\repository\\org\\xmlunit\\xmlunit-core\\2.7.0\\xmlunit-core-2.7.0.jar","sourceContainerUrl":"file:/C:/Users/muasif/.m2/repository/org/xmlunit/xmlunit-core/2.7.0/xmlunit-core-2.7.0-sources.jar","javadocContainerUrl":"file:/C:/Users/muasif/.m2/repository/org/xmlunit/xmlunit-core/2.7.0/xmlunit-core-2.7.0-javadoc.jar","isSystem":false,"isOwn":false,"isTest":false,"isJavaContent":false},{"kind":"binary","path":"C:\\Users\\muasif\\.m2\\repository\\org\\springframework\\boot\\spring-boot-starter-data-jpa\\2.3.1.RELEASE\\spring-boot-starter-data-jpa-2.3.1.RELEASE.jar","sourceContainerUrl":"file:/C:/Users/muasif/.m2/repository/org/springframework/boot/spring-boot-starter-data-jpa/2.3.1.RELEASE/spring-boot-starter-data-jpa-2.3.1.RELEASE-sources.jar","javadocContainerUrl":"file:/C:/Users/muasif/.m2/repository/org/springframework/boot/spring-boot-starter-data-jpa/2.3.1.RELEASE/spring-boot-starter-data-jpa-2.3.1.RELEASE-javadoc.jar","isSystem":false,"isOwn":false,"isTest":false,"isJavaContent":false},{"kind":"binary","path":"C:\\Users\\muasif\\.m2\\repository\\org\\springframework\\boot\\spring-boot-starter-aop\\2.3.1.RELEASE\\spring-boot-starter-aop-2.3.1.RELEASE.jar","sourceContainerUrl":"file:/C:/Users/muasif/.m2/repository/org/springframework/boot/spring-boot-starter-aop/2.3.1.RELEASE/spring-boot-starter-aop-2.3.1.RELEASE-sources.jar","javadocContainerUrl":"file:/C:/Users/muasif/.m2/repository/org/springframework/boot/spring-boot-starter-aop/2.3.1.RELEASE/spring-boot-starter-aop-2.3.1.RELEASE-javadoc.jar","isSystem":false,"isOwn":false,"isTest":false,"isJavaContent":false},{"kind":"binary","path":"C:\\Users\\muasif\\.m2\\repository\\org\\aspectj\\aspectjweaver\\1.9.5\\aspectjweaver-1.9.5.jar","sourceContainerUrl":"file:/C:/Users/muasif/.m2/repository/org/aspectj/aspectjweaver/1.9.5/aspectjweaver-1.9.5-sources.jar","javadocContainerUrl":"file:/C:/Users/muasif/.m2/repository/org/aspectj/aspectjweaver/1.9.5/aspectjweaver-1.9.5-javadoc.jar","isSystem":false,"isOwn":false,"isTest":false,"isJavaContent":false},{"kind":"binary","path":"C:\\Users\\muasif\\.m2\\repository\\org\\springframework\\boot\\spring-boot-starter-jdbc\\2.3.1.RELEASE\\spring-boot-starter-jdbc-2.3.1.RELEASE.jar","sourceContainerUrl":"file:/C:/Users/muasif/.m2/repository/org/springframework/boot/spring-boot-starter-jdbc/2.3.1.RELEASE/spring-boot-starter-jdbc-2.3.1.RELEASE-sources.jar","javadocContainerUrl":"file:/C:/Users/muasif/.m2/repository/org/springframework/boot/spring-boot-starter-jdbc/2.3.1.RELEASE/spring-boot-starter-jdbc-2.3.1.RELEASE-javadoc.jar","isSystem":false,"isOwn":false,"isTest":false,"isJavaContent":false},{"kind":"binary","path":"C:\\Users\\muasif\\.m2\\repository\\com\\zaxxer\\HikariCP\\3.4.5\\HikariCP-3.4.5.jar","sourceContainerUrl":"file:/C:/Users/muasif/.m2/repository/com/zaxxer/HikariCP/3.4.5/HikariCP-3.4.5-sources.jar","javadocContainerUrl":"file:/C:/Users/muasif/.m2/repository/com/zaxxer/HikariCP/3.4.5/HikariCP-3.4.5-javadoc.jar","isSystem":false,"isOwn":false,"isTest":false,"isJavaContent":false},{"kind":"binary","path":"C:\\Users\\muasif\\.m2\\repository\\org\\springframework\\spring-jdbc\\5.2.7.RELEASE\\spring-jdbc-5.2.7.RELEASE.jar","sourceContainerUrl":"file:/C:/Users/muasif/.m2/repository/org/springframework/spring-jdbc/5.2.7.RELEASE/spring-jdbc-5.2.7.RELEASE-sources.jar","javadocContainerUrl":"file:/C:/Users/muasif/.m2/repository/org/springframework/spring-jdbc/5.2.7.RELEASE/spring-jdbc-5.2.7.RELEASE-javadoc.jar","isSystem":false,"isOwn":false,"isTest":false,"isJavaContent":false},{"kind":"binary","path":"C:\\Users\\muasif\\.m2\\repository\\jakarta\\transaction\\jakarta.transaction-api\\1.3.3\\jakarta.transaction-api-1.3.3.jar","sourceContainerUrl":"file:/C:/Users/muasif/.m2/repository/jakarta/transaction/jakarta.transaction-api/1.3.3/jakarta.transaction-api-1.3.3-sources.jar","javadocContainerUrl":"file:/C:/Users/muasif/.m2/repository/jakarta/transaction/jakarta.transaction-api/1.3.3/jakarta.transaction-api-1.3.3-javadoc.jar","isSystem":false,"isOwn":false,"isTest":false,"isJavaContent":false},{"kind":"binary","path":"C:\\Users\\muasif\\.m2\\repository\\jakarta\\persistence\\jakarta.persistence-api\\2.2.3\\jakarta.persistence-api-2.2.3.jar","sourceContainerUrl":"file:/C:/Users/muasif/.m2/repository/jakarta/persistence/jakarta.persistence-api/2.2.3/jakarta.persistence-api-2.2.3-sources.jar","javadocContainerUrl":"file:/C:/Users/muasif/.m2/repository/jakarta/persistence/jakarta.persistence-api/2.2.3/jakarta.persistence-api-2.2.3-javadoc.jar","isSystem":false,"isOwn":false,"isTest":false,"isJavaContent":false},{"kind":"binary","path":"C:\\Users\\muasif\\.m2\\repository\\org\\hibernate\\hibernate-core\\5.4.17.Final\\hibernate-core-5.4.17.Final.jar","sourceContainerUrl":"file:/C:/Users/muasif/.m2/repository/org/hibernate/hibernate-core/5.4.17.Final/hibernate-core-5.4.17.Final-sources.jar","javadocContainerUrl":"file:/C:/Users/muasif/.m2/repository/org/hibernate/hibernate-core/5.4.17.Final/hibernate-core-5.4.17.Final-javadoc.jar","isSystem":false,"isOwn":false,"isTest":false,"isJavaContent":false},{"kind":"binary","path":"C:\\Users\\muasif\\.m2\\repository\\org\\javassist\\javassist\\3.24.0-GA\\javassist-3.24.0-GA.jar","sourceContainerUrl":"file:/C:/Users/muasif/.m2/repository/org/javassist/javassist/3.24.0-GA/javassist-3.24.0-GA-sources.jar","javadocContainerUrl":"file:/C:/Users/muasif/.m2/repository/org/javassist/javassist/3.24.0-GA/javassist-3.24.0-GA-javadoc.jar","isSystem":false,"isOwn":false,"isTest":false,"isJavaContent":false},{"kind":"binary","path":"C:\\Users\\muasif\\.m2\\repository\\antlr\\antlr\\2.7.7\\antlr-2.7.7.jar","isSystem":false,"isOwn":false,"isTest":false,"isJavaContent":false},{"kind":"binary","path":"C:\\Users\\muasif\\.m2\\repository\\org\\jboss\\jandex\\2.1.3.Final\\jandex-2.1.3.Final.jar","sourceContainerUrl":"file:/C:/Users/muasif/.m2/repository/org/jboss/jandex/2.1.3.Final/jandex-2.1.3.Final-sources.jar","isSystem":false,"isOwn":false,"isTest":false,"isJavaContent":false},{"kind":"binary","path":"C:\\Users\\muasif\\.m2\\repository\\org\\glassfish\\jaxb\\jaxb-runtime\\2.3.3\\jaxb-runtime-2.3.3.jar","sourceContainerUrl":"file:/C:/Users/muasif/.m2/repository/org/glassfish/jaxb/jaxb-runtime/2.3.3/jaxb-runtime-2.3.3-sources.jar","javadocContainerUrl":"file:/C:/Users/muasif/.m2/repository/org/glassfish/jaxb/jaxb-runtime/2.3.3/jaxb-runtime-2.3.3-javadoc.jar","isSystem":false,"isOwn":false,"isTest":false,"isJavaContent":false},{"kind":"binary","path":"C:\\Users\\muasif\\.m2\\repository\\org\\glassfish\\jaxb\\txw2\\2.3.3\\txw2-2.3.3.jar","sourceContainerUrl":"file:/C:/Users/muasif/.m2/repository/org/glassfish/jaxb/txw2/2.3.3/txw2-2.3.3-sources.jar","javadocContainerUrl":"file:/C:/Users/muasif/.m2/repository/org/glassfish/jaxb/txw2/2.3.3/txw2-2.3.3-javadoc.jar","isSystem":false,"isOwn":false,"isTest":false,"isJavaContent":false},{"kind":"binary","path":"C:\\Users\\muasif\\.m2\\repository\\com\\sun\\istack\\istack-commons-runtime\\3.0.11\\istack-commons-runtime-3.0.11.jar","sourceContainerUrl":"file:/C:/Users/muasif/.m2/repository/com/sun/istack/istack-commons-runtime/3.0.11/istack-commons-runtime-3.0.11-sources.jar","javadocContainerUrl":"file:/C:/Users/muasif/.m2/repository/com/sun/istack/istack-commons-runtime/3.0.11/istack-commons-runtime-3.0.11-javadoc.jar","isSystem":false,"isOwn":false,"isTest":false,"isJavaContent":false},{"kind":"binary","path":"C:\\Users\\muasif\\.m2\\repository\\com\\sun\\activation\\jakarta.activation\\1.2.2\\jakarta.activation-1.2.2.jar","sourceContainerUrl":"file:/C:/Users/muasif/.m2/repository/com/sun/activation/jakarta.activation/1.2.2/jakarta.activation-1.2.2-sources.jar","javadocContainerUrl":"file:/C:/Users/muasif/.m2/repository/com/sun/activation/jakarta.activation/1.2.2/jakarta.activation-1.2.2-javadoc.jar","isSystem":false,"isOwn":false,"isTest":false,"isJavaContent":false},{"kind":"binary","path":"C:\\Users\\muasif\\.m2\\repository\\org\\springframework\\data\\spring-data-jpa\\2.3.1.RELEASE\\spring-data-jpa-2.3.1.RELEASE.jar","sourceContainerUrl":"file:/C:/Users/muasif/.m2/repository/org/springframework/data/spring-data-jpa/2.3.1.RELEASE/spring-data-jpa-2.3.1.RELEASE-sources.jar","javadocContainerUrl":"file:/C:/Users/muasif/.m2/repository/org/springframework/data/spring-data-jpa/2.3.1.RELEASE/spring-data-jpa-2.3.1.RELEASE-javadoc.jar","isSystem":false,"isOwn":false,"isTest":false,"isJavaContent":false},{"kind":"binary","path":"C:\\Users\\muasif\\.m2\\repository\\org\\springframework\\data\\spring-data-commons\\2.3.1.RELEASE\\spring-data-commons-2.3.1.RELEASE.jar","sourceContainerUrl":"file:/C:/Users/muasif/.m2/repository/org/springframework/data/spring-data-commons/2.3.1.RELEASE/spring-data-commons-2.3.1.RELEASE-sources.jar","javadocContainerUrl":"file:/C:/Users/muasif/.m2/repository/org/springframework/data/spring-data-commons/2.3.1.RELEASE/spring-data-commons-2.3.1.RELEASE-javadoc.jar","isSystem":false,"isOwn":false,"isTest":false,"isJavaContent":false},{"kind":"binary","path":"C:\\Users\\muasif\\.m2\\repository\\org\\springframework\\spring-orm\\5.2.7.RELEASE\\spring-orm-5.2.7.RELEASE.jar","sourceContainerUrl":"file:/C:/Users/muasif/.m2/repository/org/springframework/spring-orm/5.2.7.RELEASE/spring-orm-5.2.7.RELEASE-sources.jar","javadocContainerUrl":"file:/C:/Users/muasif/.m2/repository/org/springframework/spring-orm/5.2.7.RELEASE/spring-orm-5.2.7.RELEASE-javadoc.jar","isSystem":false,"isOwn":false,"isTest":false,"isJavaContent":false},{"kind":"binary","path":"C:\\Users\\muasif\\.m2\\repository\\org\\springframework\\spring-tx\\5.2.7.RELEASE\\spring-tx-5.2.7.RELEASE.jar","sourceContainerUrl":"file:/C:/Users/muasif/.m2/repository/org/springframework/spring-tx/5.2.7.RELEASE/spring-tx-5.2.7.RELEASE-sources.jar","javadocContainerUrl":"file:/C:/Users/muasif/.m2/repository/org/springframework/spring-tx/5.2.7.RELEASE/spring-tx-5.2.7.RELEASE-javadoc.jar","isSystem":false,"isOwn":false,"isTest":false,"isJavaContent":false},{"kind":"binary","path":"C:\\Users\\muasif\\.m2\\repository\\org\\springframework\\spring-aspects\\5.2.7.RELEASE\\spring-aspects-5.2.7.RELEASE.jar","sourceContainerUrl":"file:/C:/Users/muasif/.m2/repository/org/springframework/spring-aspects/5.2.7.RELEASE/spring-aspects-5.2.7.RELEASE-sources.jar","javadocContainerUrl":"file:/C:/Users/muasif/.m2/repository/org/springframework/spring-aspects/5.2.7.RELEASE/spring-aspects-5.2.7.RELEASE-javadoc.jar","isSystem":false,"isOwn":false,"isTest":false,"isJavaContent":false},{"kind":"binary","path":"C:\\Users\\muasif\\.m2\\repository\\org\\springframework\\boot\\spring-boot-starter-validation\\2.3.1.RELEASE\\spring-boot-starter-validation-2.3.1.RELEASE.jar","sourceContainerUrl":"file:/C:/Users/muasif/.m2/repository/org/springframework/boot/spring-boot-starter-validation/2.3.1.RELEASE/spring-boot-starter-validation-2.3.1.RELEASE-sources.jar","javadocContainerUrl":"file:/C:/Users/muasif/.m2/repository/org/springframework/boot/spring-boot-starter-validation/2.3.1.RELEASE/spring-boot-starter-validation-2.3.1.RELEASE-javadoc.jar","isSystem":false,"isOwn":false,"isTest":false,"isJavaContent":false},{"kind":"binary","path":"C:\\Users\\muasif\\.m2\\repository\\org\\glassfish\\jakarta.el\\3.0.3\\jakarta.el-3.0.3.jar","sourceContainerUrl":"file:/C:/Users/muasif/.m2/repository/org/glassfish/jakarta.el/3.0.3/jakarta.el-3.0.3-sources.jar","javadocContainerUrl":"file:/C:/Users/muasif/.m2/repository/org/glassfish/jakarta.el/3.0.3/jakarta.el-3.0.3-javadoc.jar","isSystem":false,"isOwn":false,"isTest":false,"isJavaContent":false},{"kind":"binary","path":"C:\\Users\\muasif\\.m2\\repository\\org\\hibernate\\validator\\hibernate-validator\\6.1.5.Final\\hibernate-validator-6.1.5.Final.jar","sourceContainerUrl":"file:/C:/Users/muasif/.m2/repository/org/hibernate/validator/hibernate-validator/6.1.5.Final/hibernate-validator-6.1.5.Final-sources.jar","isSystem":false,"isOwn":false,"isTest":false,"isJavaContent":false},{"kind":"binary","path":"C:\\Users\\muasif\\.m2\\repository\\jakarta\\validation\\jakarta.validation-api\\2.0.2\\jakarta.validation-api-2.0.2.jar","sourceContainerUrl":"file:/C:/Users/muasif/.m2/repository/jakarta/validation/jakarta.validation-api/2.0.2/jakarta.validation-api-2.0.2-sources.jar","javadocContainerUrl":"file:/C:/Users/muasif/.m2/repository/jakarta/validation/jakarta.validation-api/2.0.2/jakarta.validation-api-2.0.2-javadoc.jar","isSystem":false,"isOwn":false,"isTest":false,"isJavaContent":false},{"kind":"binary","path":"C:\\Users\\muasif\\.m2\\repository\\org\\springframework\\boot\\spring-boot-starter-log4j2\\2.3.1.RELEASE\\spring-boot-starter-log4j2-2.3.1.RELEASE.jar","sourceContainerUrl":"file:/C:/Users/muasif/.m2/repository/org/springframework/boot/spring-boot-starter-log4j2/2.3.1.RELEASE/spring-boot-starter-log4j2-2.3.1.RELEASE-sources.jar","javadocContainerUrl":"file:/C:/Users/muasif/.m2/repository/org/springframework/boot/spring-boot-starter-log4j2/2.3.1.RELEASE/spring-boot-starter-log4j2-2.3.1.RELEASE-javadoc.jar","isSystem":false,"isOwn":false,"isTest":false,"isJavaContent":false},{"kind":"binary","path":"C:\\Users\\muasif\\.m2\\repository\\org\\apache\\logging\\log4j\\log4j-slf4j-impl\\2.13.3\\log4j-slf4j-impl-2.13.3.jar","sourceContainerUrl":"file:/C:/Users/muasif/.m2/repository/org/apache/logging/log4j/log4j-slf4j-impl/2.13.3/log4j-slf4j-impl-2.13.3-sources.jar","javadocContainerUrl":"file:/C:/Users/muasif/.m2/repository/org/apache/logging/log4j/log4j-slf4j-impl/2.13.3/log4j-slf4j-impl-2.13.3-javadoc.jar","isSystem":false,"isOwn":false,"isTest":false,"isJavaContent":false},{"kind":"binary","path":"C:\\Users\\muasif\\.m2\\repository\\org\\apache\\logging\\log4j\\log4j-api\\2.13.3\\log4j-api-2.13.3.jar","sourceContainerUrl":"file:/C:/Users/muasif/.m2/repository/org/apache/logging/log4j/log4j-api/2.13.3/log4j-api-2.13.3-sources.jar","javadocContainerUrl":"file:/C:/Users/muasif/.m2/repository/org/apache/logging/log4j/log4j-api/2.13.3/log4j-api-2.13.3-javadoc.jar","isSystem":false,"isOwn":false,"isTest":false,"isJavaContent":false},{"kind":"binary","path":"C:\\Users\\muasif\\.m2\\repository\\org\\apache\\logging\\log4j\\log4j-core\\2.13.3\\log4j-core-2.13.3.jar","sourceContainerUrl":"file:/C:/Users/muasif/.m2/repository/org/apache/logging/log4j/log4j-core/2.13.3/log4j-core-2.13.3-sources.jar","javadocContainerUrl":"file:/C:/Users/muasif/.m2/repository/org/apache/logging/log4j/log4j-core/2.13.3/log4j-core-2.13.3-javadoc.jar","isSystem":false,"isOwn":false,"isTest":false,"isJavaContent":false},{"kind":"binary","path":"C:\\Users\\muasif\\.m2\\repository\\org\\apache\\logging\\log4j\\log4j-jul\\2.13.3\\log4j-jul-2.13.3.jar","sourceContainerUrl":"file:/C:/Users/muasif/.m2/repository/org/apache/logging/log4j/log4j-jul/2.13.3/log4j-jul-2.13.3-sources.jar","javadocContainerUrl":"file:/C:/Users/muasif/.m2/repository/org/apache/logging/log4j/log4j-jul/2.13.3/log4j-jul-2.13.3-javadoc.jar","isSystem":false,"isOwn":false,"isTest":false,"isJavaContent":false},{"kind":"binary","path":"C:\\Users\\muasif\\.m2\\repository\\org\\slf4j\\jul-to-slf4j\\1.7.30\\jul-to-slf4j-1.7.30.jar","sourceContainerUrl":"file:/C:/Users/muasif/.m2/repository/org/slf4j/jul-to-slf4j/1.7.30/jul-to-slf4j-1.7.30-sources.jar","javadocContainerUrl":"file:/C:/Users/muasif/.m2/repository/org/slf4j/jul-to-slf4j/1.7.30/jul-to-slf4j-1.7.30-javadoc.jar","isSystem":false,"isOwn":false,"isTest":false,"isJavaContent":false},{"kind":"binary","path":"C:\\Users\\muasif\\.m2\\repository\\org\\modelmapper\\modelmapper\\2.3.5\\modelmapper-2.3.5.jar","sourceContainerUrl":"file:/C:/Users/muasif/.m2/repository/org/modelmapper/modelmapper/2.3.5/modelmapper-2.3.5-sources.jar","javadocContainerUrl":"file:/C:/Users/muasif/.m2/repository/org/modelmapper/modelmapper/2.3.5/modelmapper-2.3.5-javadoc.jar","isSystem":false,"isOwn":false,"isTest":false,"isJavaContent":false},{"kind":"binary","path":"C:\\Users\\muasif\\.m2\\repository\\org\\hibernate\\hibernate-entitymanager\\5.4.17.Final\\hibernate-entitymanager-5.4.17.Final.jar","sourceContainerUrl":"file:/C:/Users/muasif/.m2/repository/org/hibernate/hibernate-entitymanager/5.4.17.Final/hibernate-entitymanager-5.4.17.Final-sources.jar","javadocContainerUrl":"file:/C:/Users/muasif/.m2/repository/org/hibernate/hibernate-entitymanager/5.4.17.Final/hibernate-entitymanager-5.4.17.Final-javadoc.jar","isSystem":false,"isOwn":false,"isTest":false,"isJavaContent":false},{"kind":"binary","path":"C:\\Users\\muasif\\.m2\\repository\\org\\jboss\\logging\\jboss-logging\\3.4.1.Final\\jboss-logging-3.4.1.Final.jar","sourceContainerUrl":"file:/C:/Users/muasif/.m2/repository/org/jboss/logging/jboss-logging/3.4.1.Final/jboss-logging-3.4.1.Final-sources.jar","javadocContainerUrl":"file:/C:/Users/muasif/.m2/repository/org/jboss/logging/jboss-logging/3.4.1.Final/jboss-logging-3.4.1.Final-javadoc.jar","isSystem":false,"isOwn":false,"isTest":false,"isJavaContent":false},{"kind":"binary","path":"C:\\Users\\muasif\\.m2\\repository\\org\\dom4j\\dom4j\\2.1.3\\dom4j-2.1.3.jar","sourceContainerUrl":"file:/C:/Users/muasif/.m2/repository/org/dom4j/dom4j/2.1.3/dom4j-2.1.3-sources.jar","javadocContainerUrl":"file:/C:/Users/muasif/.m2/repository/org/dom4j/dom4j/2.1.3/dom4j-2.1.3-javadoc.jar","isSystem":false,"isOwn":false,"isTest":false,"isJavaContent":false},{"kind":"binary","path":"C:\\Users\\muasif\\.m2\\repository\\org\\hibernate\\common\\hibernate-commons-annotations\\5.1.0.Final\\hibernate-commons-annotations-5.1.0.Final.jar","sourceContainerUrl":"file:/C:/Users/muasif/.m2/repository/org/hibernate/common/hibernate-commons-annotations/5.1.0.Final/hibernate-commons-annotations-5.1.0.Final-sources.jar","isSystem":false,"isOwn":false,"isTest":false,"isJavaContent":false},{"kind":"binary","path":"C:\\Users\\muasif\\.m2\\repository\\javax\\persistence\\javax.persistence-api\\2.2\\javax.persistence-api-2.2.jar","sourceContainerUrl":"file:/C:/Users/muasif/.m2/repository/javax/persistence/javax.persistence-api/2.2/javax.persistence-api-2.2-sources.jar","javadocContainerUrl":"file:/C:/Users/muasif/.m2/repository/javax/persistence/javax.persistence-api/2.2/javax.persistence-api-2.2-javadoc.jar","isSystem":false,"isOwn":false,"isTest":false,"isJavaContent":false},{"kind":"binary","path":"C:\\Users\\muasif\\.m2\\repository\\net\\bytebuddy\\byte-buddy\\1.10.11\\byte-buddy-1.10.11.jar","sourceContainerUrl":"file:/C:/Users/muasif/.m2/repository/net/bytebuddy/byte-buddy/1.10.11/byte-buddy-1.10.11-sources.jar","javadocContainerUrl":"file:/C:/Users/muasif/.m2/repository/net/bytebuddy/byte-buddy/1.10.11/byte-buddy-1.10.11-javadoc.jar","isSystem":false,"isOwn":false,"isTest":false,"isJavaContent":false},{"kind":"binary","path":"C:\\Users\\muasif\\.m2\\repository\\org\\jboss\\spec\\javax\\transaction\\jboss-transaction-api_1.2_spec\\1.1.1.Final\\jboss-transaction-api_1.2_spec-1.1.1.Final.jar","sourceContainerUrl":"file:/C:/Users/muasif/.m2/repository/org/jboss/spec/javax/transaction/jboss-transaction-api_1.2_spec/1.1.1.Final/jboss-transaction-api_1.2_spec-1.1.1.Final-sources.jar","javadocContainerUrl":"file:/C:/Users/muasif/.m2/repository/org/jboss/spec/javax/transaction/jboss-transaction-api_1.2_spec/1.1.1.Final/jboss-transaction-api_1.2_spec-1.1.1.Final-javadoc.jar","isSystem":false,"isOwn":false,"isTest":false,"isJavaContent":false},{"kind":"binary","path":"C:\\Users\\muasif\\.m2\\repository\\mysql\\mysql-connector-java\\8.0.20\\mysql-connector-java-8.0.20.jar","sourceContainerUrl":"file:/C:/Users/muasif/.m2/repository/mysql/mysql-connector-java/8.0.20/mysql-connector-java-8.0.20-sources.jar","isSystem":false,"isOwn":false,"isTest":false,"isJavaContent":false},{"kind":"binary","path":"C:\\Users\\muasif\\.m2\\repository\\org\\projectlombok\\lombok\\1.18.12\\lombok-1.18.12.jar","sourceContainerUrl":"file:/C:/Users/muasif/.m2/repository/org/projectlombok/lombok/1.18.12/lombok-1.18.12-sources.jar","javadocContainerUrl":"file:/C:/Users/muasif/.m2/repository/org/projectlombok/lombok/1.18.12/lombok-1.18.12-javadoc.jar","isSystem":false,"isOwn":false,"isTest":false,"isJavaContent":false},{"kind":"binary","path":"C:\\Users\\muasif\\.m2\\repository\\commons-io\\commons-io\\1.3.2\\commons-io-1.3.2.jar","sourceContainerUrl":"file:/C:/Users/muasif/.m2/repository/commons-io/commons-io/1.3.2/commons-io-1.3.2-sources.jar","javadocContainerUrl":"file:/C:/Users/muasif/.m2/repository/commons-io/commons-io/1.3.2/commons-io-1.3.2-javadoc.jar","isSystem":false,"isOwn":false,"isTest":false,"isJavaContent":false},{"kind":"binary","path":"C:\\Users\\muasif\\.m2\\repository\\io\\springfox\\springfox-swagger2\\2.9.2\\springfox-swagger2-2.9.2.jar","sourceContainerUrl":"file:/C:/Users/muasif/.m2/repository/io/springfox/springfox-swagger2/2.9.2/springfox-swagger2-2.9.2-sources.jar","javadocContainerUrl":"file:/C:/Users/muasif/.m2/repository/io/springfox/springfox-swagger2/2.9.2/springfox-swagger2-2.9.2-javadoc.jar","isSystem":false,"isOwn":false,"isTest":false,"isJavaContent":false},{"kind":"binary","path":"C:\\Users\\muasif\\.m2\\repository\\io\\swagger\\swagger-annotations\\1.5.20\\swagger-annotations-1.5.20.jar","sourceContainerUrl":"file:/C:/Users/muasif/.m2/repository/io/swagger/swagger-annotations/1.5.20/swagger-annotations-1.5.20-sources.jar","javadocContainerUrl":"file:/C:/Users/muasif/.m2/repository/io/swagger/swagger-annotations/1.5.20/swagger-annotations-1.5.20-javadoc.jar","isSystem":false,"isOwn":false,"isTest":false,"isJavaContent":false},{"kind":"binary","path":"C:\\Users\\muasif\\.m2\\repository\\io\\swagger\\swagger-models\\1.5.20\\swagger-models-1.5.20.jar","sourceContainerUrl":"file:/C:/Users/muasif/.m2/repository/io/swagger/swagger-models/1.5.20/swagger-models-1.5.20-sources.jar","javadocContainerUrl":"file:/C:/Users/muasif/.m2/repository/io/swagger/swagger-models/1.5.20/swagger-models-1.5.20-javadoc.jar","isSystem":false,"isOwn":false,"isTest":false,"isJavaContent":false},{"kind":"binary","path":"C:\\Users\\muasif\\.m2\\repository\\com\\fasterxml\\jackson\\core\\jackson-annotations\\2.11.0\\jackson-annotations-2.11.0.jar","sourceContainerUrl":"file:/C:/Users/muasif/.m2/repository/com/fasterxml/jackson/core/jackson-annotations/2.11.0/jackson-annotations-2.11.0-sources.jar","javadocContainerUrl":"file:/C:/Users/muasif/.m2/repository/com/fasterxml/jackson/core/jackson-annotations/2.11.0/jackson-annotations-2.11.0-javadoc.jar","isSystem":false,"isOwn":false,"isTest":false,"isJavaContent":false},{"kind":"binary","path":"C:\\Users\\muasif\\.m2\\repository\\io\\springfox\\springfox-spi\\2.9.2\\springfox-spi-2.9.2.jar","sourceContainerUrl":"file:/C:/Users/muasif/.m2/repository/io/springfox/springfox-spi/2.9.2/springfox-spi-2.9.2-sources.jar","javadocContainerUrl":"file:/C:/Users/muasif/.m2/repository/io/springfox/springfox-spi/2.9.2/springfox-spi-2.9.2-javadoc.jar","isSystem":false,"isOwn":false,"isTest":false,"isJavaContent":false},{"kind":"binary","path":"C:\\Users\\muasif\\.m2\\repository\\io\\springfox\\springfox-core\\2.9.2\\springfox-core-2.9.2.jar","sourceContainerUrl":"file:/C:/Users/muasif/.m2/repository/io/springfox/springfox-core/2.9.2/springfox-core-2.9.2-sources.jar","javadocContainerUrl":"file:/C:/Users/muasif/.m2/repository/io/springfox/springfox-core/2.9.2/springfox-core-2.9.2-javadoc.jar","isSystem":false,"isOwn":false,"isTest":false,"isJavaContent":false},{"kind":"binary","path":"C:\\Users\\muasif\\.m2\\repository\\io\\springfox\\springfox-schema\\2.9.2\\springfox-schema-2.9.2.jar","sourceContainerUrl":"file:/C:/Users/muasif/.m2/repository/io/springfox/springfox-schema/2.9.2/springfox-schema-2.9.2-sources.jar","javadocContainerUrl":"file:/C:/Users/muasif/.m2/repository/io/springfox/springfox-schema/2.9.2/springfox-schema-2.9.2-javadoc.jar","isSystem":false,"isOwn":false,"isTest":false,"isJavaContent":false},{"kind":"binary","path":"C:\\Users\\muasif\\.m2\\repository\\io\\springfox\\springfox-swagger-common\\2.9.2\\springfox-swagger-common-2.9.2.jar","sourceContainerUrl":"file:/C:/Users/muasif/.m2/repository/io/springfox/springfox-swagger-common/2.9.2/springfox-swagger-common-2.9.2-sources.jar","javadocContainerUrl":"file:/C:/Users/muasif/.m2/repository/io/springfox/springfox-swagger-common/2.9.2/springfox-swagger-common-2.9.2-javadoc.jar","isSystem":false,"isOwn":false,"isTest":false,"isJavaContent":false},{"kind":"binary","path":"C:\\Users\\muasif\\.m2\\repository\\io\\springfox\\springfox-spring-web\\2.9.2\\springfox-spring-web-2.9.2.jar","sourceContainerUrl":"file:/C:/Users/muasif/.m2/repository/io/springfox/springfox-spring-web/2.9.2/springfox-spring-web-2.9.2-sources.jar","javadocContainerUrl":"file:/C:/Users/muasif/.m2/repository/io/springfox/springfox-spring-web/2.9.2/springfox-spring-web-2.9.2-javadoc.jar","isSystem":false,"isOwn":false,"isTest":false,"isJavaContent":false},{"kind":"binary","path":"C:\\Users\\muasif\\.m2\\repository\\com\\google\\guava\\guava\\20.0\\guava-20.0.jar","sourceContainerUrl":"file:/C:/Users/muasif/.m2/repository/com/google/guava/guava/20.0/guava-20.0-sources.jar","javadocContainerUrl":"file:/C:/Users/muasif/.m2/repository/com/google/guava/guava/20.0/guava-20.0-javadoc.jar","isSystem":false,"isOwn":false,"isTest":false,"isJavaContent":false},{"kind":"binary","path":"C:\\Users\\muasif\\.m2\\repository\\com\\fasterxml\\classmate\\1.5.1\\classmate-1.5.1.jar","sourceContainerUrl":"file:/C:/Users/muasif/.m2/repository/com/fasterxml/classmate/1.5.1/classmate-1.5.1-sources.jar","javadocContainerUrl":"file:/C:/Users/muasif/.m2/repository/com/fasterxml/classmate/1.5.1/classmate-1.5.1-javadoc.jar","isSystem":false,"isOwn":false,"isTest":false,"isJavaContent":false},{"kind":"binary","path":"C:\\Users\\muasif\\.m2\\repository\\org\\slf4j\\slf4j-api\\1.7.30\\slf4j-api-1.7.30.jar","sourceContainerUrl":"file:/C:/Users/muasif/.m2/repository/org/slf4j/slf4j-api/1.7.30/slf4j-api-1.7.30-sources.jar","javadocContainerUrl":"file:/C:/Users/muasif/.m2/repository/org/slf4j/slf4j-api/1.7.30/slf4j-api-1.7.30-javadoc.jar","isSystem":false,"isOwn":false,"isTest":false,"isJavaContent":false},{"kind":"binary","path":"C:\\Users\\muasif\\.m2\\repository\\org\\springframework\\plugin\\spring-plugin-core\\1.2.0.RELEASE\\spring-plugin-core-1.2.0.RELEASE.jar","sourceContainerUrl":"file:/C:/Users/muasif/.m2/repository/org/springframework/plugin/spring-plugin-core/1.2.0.RELEASE/spring-plugin-core-1.2.0.RELEASE-sources.jar","javadocContainerUrl":"file:/C:/Users/muasif/.m2/repository/org/springframework/plugin/spring-plugin-core/1.2.0.RELEASE/spring-plugin-core-1.2.0.RELEASE-javadoc.jar","isSystem":false,"isOwn":false,"isTest":false,"isJavaContent":false},{"kind":"binary","path":"C:\\Users\\muasif\\.m2\\repository\\org\\springframework\\plugin\\spring-plugin-metadata\\1.2.0.RELEASE\\spring-plugin-metadata-1.2.0.RELEASE.jar","sourceContainerUrl":"file:/C:/Users/muasif/.m2/repository/org/springframework/plugin/spring-plugin-metadata/1.2.0.RELEASE/spring-plugin-metadata-1.2.0.RELEASE-sources.jar","javadocContainerUrl":"file:/C:/Users/muasif/.m2/repository/org/springframework/plugin/spring-plugin-metadata/1.2.0.RELEASE/spring-plugin-metadata-1.2.0.RELEASE-javadoc.jar","isSystem":false,"isOwn":false,"isTest":false,"isJavaContent":false},{"kind":"binary","path":"C:\\Users\\muasif\\.m2\\repository\\org\\mapstruct\\mapstruct\\1.2.0.Final\\mapstruct-1.2.0.Final.jar","sourceContainerUrl":"file:/C:/Users/muasif/.m2/repository/org/mapstruct/mapstruct/1.2.0.Final/mapstruct-1.2.0.Final-sources.jar","javadocContainerUrl":"file:/C:/Users/muasif/.m2/repository/org/mapstruct/mapstruct/1.2.0.Final/mapstruct-1.2.0.Final-javadoc.jar","isSystem":false,"isOwn":false,"isTest":false,"isJavaContent":false},{"kind":"binary","path":"C:\\Users\\muasif\\.m2\\repository\\io\\springfox\\springfox-swagger-ui\\2.9.2\\springfox-swagger-ui-2.9.2.jar","sourceContainerUrl":"file:/C:/Users/muasif/.m2/repository/io/springfox/springfox-swagger-ui/2.9.2/springfox-swagger-ui-2.9.2-sources.jar","javadocContainerUrl":"file:/C:/Users/muasif/.m2/repository/io/springfox/springfox-swagger-ui/2.9.2/springfox-swagger-ui-2.9.2-javadoc.jar","isSystem":false,"isOwn":false,"isTest":false,"isJavaContent":false},{"kind":"source","path":"C:\\Users\\muasif\\Documents\\comkart\\src\\main\\java","outputFolder":"C:\\Users\\muasif\\Documents\\comkart\\target\\classes","javadocContainerUrl":"file:/C:/Users/muasif/Documents/comkart/target/site/apidocs","isSystem":false,"isOwn":true,"isTest":false,"isJavaContent":true},{"kind":"source","path":"C:\\Users\\muasif\\Documents\\comkart\\src\\main\\resources","outputFolder":"C:\\Users\\muasif\\Documents\\comkart\\target\\classes","isSystem":false,"isOwn":true,"isTest":false,"isJavaContent":false},{"kind":"source","path":"C:\\Users\\muasif\\Documents\\comkart\\src\\test\\resources","outputFolder":"C:\\Users\\muasif\\Documents\\comkart\\target\\test-classes","isSystem":false,"isOwn":true,"isTest":true,"isJavaContent":false},{"kind":"source","path":"C:\\Users\\muasif\\Documents\\comkart\\src\\test\\java","outputFolder":"C:\\Users\\muasif\\Documents\\comkart\\target\\test-classes","javadocContainerUrl":"file:/C:/Users/muasif/Documents/comkart/target/site/apidocs","isSystem":false,"isOwn":true,"isTest":false,"isJavaContent":false}]}